"first name",avg_year
LIELLE,2018.0
GRETA,2018.0
MATTHIAS,2018.0
ANSEL,2018.0
KALMEN,2018.0
ROYALTY,2018.0
ELSIE,2018.0
ABRAR,2018.0
KAIRO,2018.0
TZIRY,2018.0
YITTEL,2018.0
FRAIDA,2018.0
YARA,2018.0
LENNON,2018.0
LILLIANNA,2018.0
SHUKRONA,2018.0
CILLIAN,2018.0
IMONA,2018.0
BAILY,2018.0
ARIYA,2018.0
ARLETTE,2018.0
ZAID,2018.0
EMMY,2018.0
WAYLON,2018.0
CHARLEE,2018.0
JON,2018.0
ATLAS,2018.0
BRAIDEN,2018.0
MORDCHA,2018.0
KEHLANI,2018.0
KAYLANI,2017.6666666666667
REMI,2017.5
EMERSYN,2017.5
CLAYTON,2017.5
MARCELO,2017.5
EAN,2017.5
NALA,2017.5
RAELYNN,2017.25
ACE,2017.25
MAVERICK,2017.2222222222222
PAXTON,2017.2
OPHELIA,2017.0
KINSLEY,2017.0
MATES,2017.0
AVRUMY,2017.0
AMAIA,2017.0
MAREN,2017.0
MADINA,2017.0
BELEN,2017.0
RIVER,2017.0
BRAXTON,2017.0
ARIADNE,2017.0
BASSY,2017.0
VEDA,2017.0
KAYSON,2017.0
JOSIE,2017.0
CAIRO,2017.0
YESHAYA,2017.0
ADALINE,2017.0
PASQUALE,2017.0
MARSHALL,2017.0
HARVEY,2017.0
SULLIVAN,2017.0
ALESSIO,2017.0
MEADOW,2017.0
ROSELYN,2017.0
SCARLETH,2017.0
EMELIA,2017.0
NASH,2017.0
CARMELLA,2017.0
FISHEL,2017.0
FREIDA,2017.0
NIAM,2017.0
GIULIANNA,2017.0
ELIAM,2017.0
OSEIAS,2017.0
ALAIA,2016.8461538461538
ARIAH,2016.8181818181818
ARHAM,2016.8
ZAYN,2016.7857142857142
NOVA,2016.6923076923076
INAAYA,2016.6666666666667
ARLO,2016.6
EVERLY,2016.5833333333333
FINLEY,2016.5555555555557
REMINGTON,2016.5
GIULIA,2016.5
WARREN,2016.5
MAISIE,2016.5
SERAFINA,2016.5
FRIMY,2016.5
REMY,2016.5
KYSON,2016.5
LEGEND,2016.4444444444443
RYKER,2016.4285714285713
MATHIAS,2016.4
KYRIE,2016.4
JUNIPER,2016.4
MECHEL,2016.3333333333333
NASHLA,2016.3333333333333
BURECH,2016.3333333333333
LEIA,2016.3333333333333
KILLIAN,2016.3333333333333
EMILIANO,2016.2857142857142
MESHILEM,2016.25
SHLOMA,2016.25
MAISON,2016.2
PAISLEY,2016.1904761904761
ZANE,2016.1818181818182
WESTON,2016.1304347826087
JUNE,2016.125
MUSA,2016.125
YOANDRI,2016.0
VALENTINO,2016.0
SIMI,2016.0
KENZO,2016.0
MOTTY,2016.0
JOURNEE,2016.0
AYAT,2016.0
SAFWAN,2016.0
REIZEL,2016.0
KAYDENCE,2016.0
REUVEN,2016.0
BECKETT,2016.0
GEORGINA,2016.0
FATIMAH,2016.0
VINCE,2016.0
LUCIAN,2016.0
AMIRJON,2016.0
SAFIYA,2016.0
ZACK,2016.0
LOUISE,2016.0
OUSMANE,2016.0
CYRUS,2016.0
REBECA,2016.0
DIYORA,2016.0
AYAH,2016.0
MATIS,2016.0
HOORAIN,2016.0
AVIANA,2016.0
HARLOW,2016.0
ELISABETH,2016.0
ZURI,2016.0
PALOMA,2016.0
ROYCE,2016.0
RIVA,2016.0
ANTONINO,2016.0
JOELLE,2016.0
ARYA,2016.0
ALIA,2016.0
AIZAH,2016.0
ANTONELLA,2016.0
DEVOIRY,2016.0
JIYA,2016.0
MALIKA,2016.0
LAWSON,2016.0
ZELDA,2016.0
POPPY,2016.0
DRAIZY,2016.0
LIYANA,2016.0
HENRIK,2016.0
BEAU,2016.0
RYLIE,2016.0
SHEVY,2016.0
ARLETH,2016.0
AMALIA,2015.95
ADALYNN,2015.9166666666667
RAEGAN,2015.909090909091
XIMENA,2015.9
THIAGO,2015.875
HOLDEN,2015.875
LEV,2015.857142857143
GWENDOLYN,2015.8333333333333
KHADIJA,2015.8
IMRAN,2015.8
FRANCES,2015.8
ZAYDEN,2015.7857142857142
BRYSON,2015.7826086956522
FINNEGAN,2015.7777777777778
JOSEF,2015.75
ARCHER,2015.75
NATHANAEL,2015.75
AYESHA,2015.75
BENNETT,2015.7142857142858
BERL,2015.7142857142858
EMERY,2015.7
HARLEY,2015.6666666666667
JOURNEY,2015.6666666666667
KARTER,2015.6666666666667
FREYA,2015.6666666666667
CALLAN,2015.6666666666667
CELINE,2015.6470588235295
WILLA,2015.625
WILLOW,2015.625
ENZO,2015.6206896551723
WINTER,2015.6
ANNALISE,2015.6
ZAHRA,2015.6
MILANA,2015.5714285714287
AYLA,2015.5714285714287
SHALOM,2015.5714285714287
ELLIS,2015.5555555555557
ALANI,2015.5555555555557
GREYSON,2015.5135135135135
TIMUR,2015.5
RUCHEL,2015.5
BONNIE,2015.5
TOBA,2015.5
BRIA,2015.5
MD,2015.5
YOCHANAN,2015.5
KNOX,2015.5
THEA,2015.5
VIENNA,2015.5
KHALEESI,2015.5
ABDIEL,2015.5
AYALA,2015.5
IVANNA,2015.5
YASMINA,2015.5
YONAH,2015.5
PERETZ,2015.5
REIZY,2015.5
AARAV,2015.5
ARYE,2015.5
ISMAIL,2015.5
ADALYN,2015.5
MARCEL,2015.5
BLESSING,2015.5
CLARK,2015.5
ANDREAS,2015.5
DALEYZA,2015.5
ADELINE,2015.4565217391305
ALMA,2015.4545454545455
LINCOLN,2015.448275862069
KALI,2015.4444444444443
MAIA,2015.4375
COLETTE,2015.4285714285713
MAJOR,2015.4
ELIAN,2015.4
CECELIA,2015.4
ROSALIE,2015.4
SAMIRA,2015.375
DUVID,2015.375
SLOANE,2015.357142857143
SAGE,2015.3333333333333
ZAYAN,2015.3333333333333
EDITH,2015.3333333333333
EVERETT,2015.3333333333333
MARIELLA,2015.3333333333333
ADELINA,2015.3333333333333
AINSLEY,2015.3333333333333
YIDEL,2015.3333333333333
NATHALIA,2015.3333333333333
BINYAMIN,2015.3333333333333
CORA,2015.3265306122448
ELYA,2015.2857142857142
MIRA,2015.25
ZANDER,2015.25
MYRA,2015.25
LEONIDAS,2015.25
DAWSON,2015.25
EASTON,2015.2413793103449
GRAYSON,2015.2189781021898
EZEKIEL,2015.2068965517242
KING,2015.2037037037037
AVIGAIL,2015.2
LOUISA,2015.2
HARPER,2015.1719745222929
JAYCE,2015.1666666666667
MOISES,2015.1666666666667
CATALINA,2015.142857142857
LUCIANA,2015.1304347826087
NIKO,2015.125
JAXSON,2015.1222222222223
AURORA,2015.120481927711
AMARA,2015.111111111111
HADLEY,2015.111111111111
JAX,2015.090909090909
MILA,2015.0752688172042
SILAS,2015.0666666666666
CAMILLA,2015.0555555555557
ARABELLA,2015.0526315789473
JAXON,2015.0075187969924
MUSHKA,2015.0
QUEENA,2015.0
KAMRYN,2015.0
AVIVA,2015.0
TITUS,2015.0
BREE,2015.0
ODIN,2015.0
SELIM,2015.0
KIMI,2015.0
YEHUDAH,2015.0
NIKOLAI,2015.0
AHNAF,2015.0
LIONEL,2015.0
SHNEUR,2015.0
NAFTULA,2015.0
FLETCHER,2015.0
RAYYAN,2015.0
JIONNI,2015.0
LEYLA,2015.0
ISHAAN,2015.0
TOBIAS,2015.0
MEYER,2015.0
LUCILLE,2015.0
RYLAN,2015.0
MICHAL,2015.0
AIMEE,2015.0
SABINA,2015.0
MESHULEM,2015.0
AYA,2015.0
BINTOU,2015.0
EMAAN,2015.0
VIHAAN,2015.0
SHAUL,2015.0
AIZA,2015.0
GUNNER,2015.0
KALANI,2015.0
JETT,2015.0
KEILY,2015.0
FRADY,2015.0
AYLEEN,2015.0
KENZIE,2015.0
LORELEI,2015.0
VERA,2015.0
AIDEL,2015.0
LIVIA,2015.0
YAHYA,2015.0
IVANA,2015.0
RORY,2015.0
NOAM,2015.0
YANKY,2015.0
GIUSEPPE,2015.0
AMEER,2015.0
MATIAS,2015.0
THEO,2014.9411764705883
ADELYN,2014.9375
YOSSI,2014.923076923077
IDY,2014.909090909091
ARIA,2014.8992248062016
DAHLIA,2014.888888888889
MILANI,2014.875
LIV,2014.875
IKER,2014.875
EMMETT,2014.8666666666666
CHESKY,2014.857142857143
YOUSSEF,2014.857142857143
JONAS,2014.8461538461538
MYLA,2014.8333333333333
ROYAL,2014.8333333333333
FRIEDA,2014.8333333333333
XANDER,2014.8333333333333
SHLOIMY,2014.8333333333333
MADDOX,2014.8
ESME,2014.8
BRIELLA,2014.8
PRINCETON,2014.75
RHYS,2014.75
MARGOT,2014.75
WINSTON,2014.75
LONDYN,2014.75
ORION,2014.75
CALI,2014.7368421052631
APRIL,2014.7272727272727
ABEL,2014.7272727272727
ISLA,2014.7222222222222
GAEL,2014.7073170731708
ADELE,2014.7058823529412
NOOR,2014.7
AUBREE,2014.6976744186047
ZARIAH,2014.6666666666667
KAMERON,2014.6666666666667
ZENDAYA,2014.6666666666667
BODHI,2014.6666666666667
MINA,2014.6666666666667
GERARD,2014.6666666666667
SYLVIE,2014.6666666666667
ELOISE,2014.65625
EASON,2014.6363636363637
JAYCEON,2014.611111111111
WOLF,2014.6
HAZEL,2014.593220338983
TZIPORA,2014.5714285714287
OLIVE,2014.5555555555557
ELLIANA,2014.55
GEMMA,2014.5384615384614
JAMESON,2014.5357142857142
SAWYER,2014.5135135135135
LUNA,2014.5066666666667
STEFAN,2014.5
MARLOWE,2014.5
PERRY,2014.5
NUCHEM,2014.5
LEWIS,2014.5
CATALEYA,2014.5
KACEY,2014.5
OUMOU,2014.5
UMAR,2014.5
NOSSON,2014.5
AHRON,2014.5
BERISH,2014.5
MILENA,2014.5
MANHA,2014.5
ELKY,2014.5
SALOME,2014.5
LUKA,2014.5
MAXIMILIANO,2014.5
MILAN,2014.5
OUMAR,2014.5
AMAYAH,2014.5
ROWAN,2014.4666666666667
EZRA,2014.4657534246576
VIVIENNE,2014.4615384615386
CARMELO,2014.4444444444443
ALEENA,2014.4375
ELLIOT,2014.4347826086957
MESSIAH,2014.4324324324325
KENDRICK,2014.4285714285713
WESLEY,2014.4117647058824
KIRA,2014.4117647058824
JORDI,2014.4
FRIMET,2014.3846153846155
PERL,2014.3846153846155
AMINA,2014.3684210526317
CLEMENTINE,2014.3333333333333
KAIA,2014.3333333333333
YONA,2014.3333333333333
LITZY,2014.3333333333333
REINA,2014.3333333333333
ATARA,2014.3333333333333
RINA,2014.3333333333333
AYAN,2014.3333333333333
AMIA,2014.3333333333333
JACE,2014.3177570093458
SAMARA,2014.3
LINA,2014.3
ADELAIDE,2014.2857142857142
ELLIOTT,2014.2857142857142
ARTHUR,2014.28125
LEVI,2014.280701754386
BRUCHY,2014.2777777777778
RUCHY,2014.2666666666667
PENELOPE,2014.2636363636364
ADRIEL,2014.2631578947369
BASYA,2014.25
ELSA,2014.25
AISSATOU,2014.25
AYDIN,2014.25
DILAN,2014.25
ATHENA,2014.25
AUGUST,2014.25
REID,2014.2142857142858
RONAN,2014.2105263157894
ELEANOR,2014.2045454545455
KELLAN,2014.2
EZRIEL,2014.2
ANABELLE,2014.2
EMILIO,2014.2
MARJORIE,2014.2
SHAINDEL,2014.2
NOELLE,2014.2
CELESTE,2014.1666666666667
BRANTLEY,2014.1666666666667
BORUCH,2014.1666666666667
ANISA,2014.1666666666667
IVY,2014.1627906976744
BENTLEY,2014.1538461538462
QUEENIE,2014.142857142857
DAPHNE,2014.1333333333334
NORAH,2014.1304347826087
BROOKLYNN,2014.125
ADONIS,2014.125
KINGSTON,2014.111111111111
CAMDEN,2014.090909090909
YUSUF,2014.090909090909
ZAINAB,2014.0869565217392
MARYAM,2014.08
HARMONY,2014.076923076923
VIVIANA,2014.0714285714287
AVRUM,2014.0714285714287
RAYAN,2014.0689655172414
DAKOTA,2014.05
HUDSON,2014.05
COLTON,2014.0384615384614
ASHER,2014.030303030303
ROMAN,2014.025
NORA,2014.0238095238096
PIPER,2014.0212765957447
BLIMIE,2014.0
LIYA,2014.0
DWAYNE,2014.0
CLARISSA,2014.0
HADIYA,2014.0
ORLANDO,2014.0
ABBA,2014.0
IDA,2014.0
ADAN,2014.0
TRISTIAN,2014.0
SHELLY,2014.0
RAMATOULAYE,2014.0
TAHA,2014.0
MIKA,2014.0
JOANNE,2014.0
BOWEN,2014.0
REUBEN,2014.0
KABIR,2014.0
ILAN,2014.0
SHIRIN,2014.0
BEHRUZ,2014.0
PIERCE,2014.0
EZEQUIEL,2014.0
JAGGER,2014.0
KOBE,2014.0
MARKO,2014.0
DAVE,2014.0
JAMAR,2014.0
TIMMY,2014.0
KARIM,2014.0
ELENE,2014.0
ARDEN,2014.0
LEONEL,2014.0
TRISTEN,2014.0
KHADIJAH,2014.0
ANAYAH,2014.0
FRIDA,2014.0
ENOCH,2014.0
ELUZER,2014.0
MARIELLE,2014.0
NESANEL,2014.0
AZIZA,2014.0
YUNA,2014.0
ROBIN,2014.0
RAY,2014.0
EHAN,2014.0
PENINA,2014.0
HAFSA,2014.0
SAPPHIRE,2014.0
LEIBY,2014.0
MOHAMAD,2014.0
BENYAMIN,2014.0
YONASON,2014.0
STEPHAN,2014.0
SHELDON,2014.0
CHARLENE,2014.0
ADIEL,2014.0
SAFA,2014.0
AMARE,2014.0
SAMIYA,2014.0
YONATAN,2014.0
INAYA,2014.0
SERAPHINA,2014.0
KAMAYA,2014.0
SHLOIMA,2014.0
PRIYA,2014.0
INGRID,2014.0
ABRIELLE,2014.0
REEM,2014.0
AMEERAH,2014.0
GIDEON,2014.0
LAILAH,2014.0
TZIVI,2014.0
EDDY,2014.0
YOUSIF,2014.0
MONTSERRAT,2014.0
CELINA,2014.0
ARIANE,2014.0
HENDY,2014.0
FEYNMAN,2014.0
REHAN,2014.0
KONSTANTINOS,2014.0
FELIPE,2014.0
AAHIL,2014.0
ALLY,2014.0
RAFI,2014.0
HILLEL,2014.0
LANGSTON,2014.0
HAVEN,2014.0
GALILEA,2014.0
FATOU,2014.0
ESHAAL,2014.0
DORIS,2014.0
SHREYA,2014.0
YASIN,2014.0
TANYA,2014.0
FORD,2014.0
RANVEER,2014.0
TALA,2014.0
SHOHJAHON,2014.0
ALAYSIA,2014.0
BENTZION,2014.0
EMIL,2014.0
MOUHAMED,2014.0
ARIAN,2014.0
SAIF,2014.0
NIKOLAOS,2014.0
KARISSA,2014.0
THALIA,2014.0
BEILY,2014.0
NAYA,2014.0
AGNES,2014.0
MARWA,2014.0
ELLY,2014.0
NERIAH,2014.0
GIORGI,2014.0
SAAD,2014.0
AZIMJON,2014.0
MUHAMMADALI,2014.0
LANDYN,2014.0
QUINCY,2014.0
ALDEN,2014.0
ALLEGRA,2014.0
ARES,2014.0
BLAIR,2014.0
JOEY,2014.0
JOSH,2014.0
EMMELINE,2014.0
MAHDIYA,2014.0
CONSTANTINE,2014.0
ELINA,2014.0
VLADIMIR,2014.0
NOACH,2014.0
EUNICE,2014.0
VIRGINIA,2014.0
AIDA,2014.0
AZAAN,2014.0
SAIGE,2014.0
AMELIE,2014.0
CONRAD,2014.0
PERI,2014.0
ALANIS,2014.0
LAYAN,2014.0
LUISA,2014.0
NAVA,2014.0
MIYA,2014.0
SUMAYA,2014.0
MALAYSIA,2014.0
ARELY,2014.0
TOMAS,2014.0
SHLOMIE,2014.0
AZALEA,2014.0
NOEMI,2014.0
AUGUSTUS,2014.0
DALLAS,2014.0
DAVIAN,2014.0
ANABIA,2014.0
SARINA,2014.0
ESHAN,2014.0
ADHAM,2014.0
MATTIE,2014.0
ASADBEK,2014.0
AVNEET,2014.0
SRULY,2014.0
DEVORY,2014.0
GOLDIE,2014.0
SAMSON,2014.0
ASTRID,2014.0
JASE,2014.0
ADRIEN,2014.0
NIKHIL,2014.0
GORDON,2014.0
JERELYN,2014.0
ZOYA,2014.0
AMINAH,2014.0
RAINA,2014.0
MARLENE,2014.0
KIYAN,2014.0
CECILY,2014.0
YUVRAJ,2014.0
YASMINE,2014.0
BREINDEL,2014.0
YASMEEN,2014.0
BLUMA,2014.0
ELISA,2014.0
JASMINA,2014.0
RON,2014.0
EMIR,2014.0
KIAN,2014.0
DEXTER,2014.0
JAQUELINE,2014.0
SAMEER,2014.0
OONA,2014.0
NATALYA,2014.0
LEIBISH,2014.0
TATE,2014.0
AARYA,2014.0
NICK,2014.0
FLORA,2014.0
DOVBER,2014.0
SAVION,2014.0
ARVIN,2014.0
JASLEEN,2014.0
WYNTER,2014.0
MAE,2014.0
TEMUR,2014.0
THEODORA,2014.0
ABE,2014.0
MARGAUX,2014.0
SYED,2014.0
ABOUBACAR,2014.0
LUCCA,2014.0
SARIYAH,2014.0
SHAVY,2014.0
KORI,2014.0
NABIL,2014.0
GRAHAM,2014.0
AWA,2014.0
MAGNUS,2014.0
IRINA,2014.0
ELIOT,2014.0
OTTO,2014.0
ROSIE,2014.0
ZAYNAB,2014.0
MATILDA,2014.0
LYLAH,2014.0
ROMY,2014.0
FALLON,2014.0
TIANNA,2014.0
YAIR,2014.0
UDY,2014.0
HAREEM,2014.0
OLIVER,2014.0
SADIA,2014.0
ARMAAN,2014.0
JAZLYNN,2014.0
JAHMIR,2014.0
KAMIYAH,2014.0
VENUS,2014.0
ZALMAN,2014.0
MIKHAIL,2014.0
ELLEN,2014.0
ANABEL,2014.0
MALEK,2014.0
LUCINDA,2014.0
UNA,2014.0
HARLEEN,2014.0
QUINTON,2014.0
ACHILLES,2014.0
SHEILA,2014.0
PHILIPPA,2014.0
BRIGITTE,2014.0
LIORA,2014.0
HASAN,2014.0
BOUBACAR,2014.0
KENYA,2014.0
RIVKAH,2014.0
RAHEEM,2014.0
ARISHA,2014.0
ZENOBIA,2014.0
DALIA,2014.0
ZAHIR,2014.0
RAMATA,2014.0
DAMIR,2014.0
PAULA,2014.0
DORIAN,2014.0
ASA,2014.0
"CHLOE'",2014.0
VALENCIA,2014.0
ANTON,2014.0
NAMIRAH,2014.0
HIBA,2014.0
CASSIUS,2014.0
FELICIA,2014.0
ANISJON,2014.0
AMIRAH,2014.0
MAIMOUNA,2014.0
ALEAH,2014.0
DERECK,2014.0
MOISHY,2014.0
ABDOUL,2014.0
LEONA,2014.0
ITZEL,2014.0
KAILA,2014.0
AZIM,2014.0
ABDULRAHMAN,2014.0
SIDNEY,2014.0
EMANI,2014.0
ZAMIR,2014.0
ZAKARIYA,2014.0
ZACHARIAH,2014.0
JAYCOB,2014.0
HAILIE,2014.0
TYSON,2014.0
SHAYE,2014.0
CHANANYA,2014.0
EVIE,2014.0
BILLY,2014.0
KADIATOU,2014.0
AZARIAH,2014.0
AARIZ,2014.0
MAYSON,2014.0
DAVON,2014.0
SEPHORA,2014.0
NADINE,2014.0
ROCHELLE,2014.0
VIOLA,2014.0
ADELYNN,2014.0
BROOKS,2014.0
KAILEE,2014.0
MAZAL,2014.0
DOROTHY,2014.0
ELIE,2014.0
ATTICUS,2014.0
MALIHA,2014.0
SAHARA,2014.0
ZAIDEN,2014.0
SUNNY,2014.0
CLEO,2014.0
SENDER,2014.0
AUBRIE,2014.0
MARIE,2014.0
SHAYAN,2014.0
AVI,2014.0
ENMANUEL,2014.0
HENNA,2014.0
ANAS,2014.0
SHEYLA,2014.0
KATALINA,2014.0
AYANA,2014.0
RAHAF,2014.0
DIMITRI,2014.0
NATE,2014.0
SUMAIYA,2014.0
VIDA,2014.0
KAZI,2014.0
MUHAMMED,2014.0
RENA,2014.0
MALANI,2014.0
PAULINA,2014.0
SYBIL,2014.0
KARAS,2014.0
BRIANNY,2014.0
NATHALY,2014.0
NICHOLE,2014.0
ANTONIA,2014.0
AMEERA,2014.0
AMARIS,2014.0
IDRIS,2014.0
WALEED,2014.0
MAY,2014.0
MAXINE,2014.0
AICHA,2014.0
DORA,2014.0
SMITH,2014.0
SANA,2014.0
PENNY,2014.0
SHEINA,2014.0
ZAYD,2014.0
CALVIN,2013.948717948718
MILANIA,2013.9333333333334
SAMIR,2013.9285714285713
KENNEDY,2013.9242424242425
HINDA,2013.923076923077
AYLIN,2013.904761904762
CALLIE,2013.904761904762
SHEA,2013.904761904762
CECILIA,2013.8793103448277
YITZCHAK,2013.875
MALCOLM,2013.875
QUINN,2013.8725490196077
EMILIA,2013.8695652173913
AKIVA,2013.8636363636363
TORI,2013.857142857143
AXEL,2013.855072463768
KAMILA,2013.85
ARIELLA,2013.8461538461538
ZARA,2013.8461538461538
TZIPORAH,2013.8333333333333
MEILECH,2013.8333333333333
MORDCHE,2013.8333333333333
PARIS,2013.8333333333333
LEON,2013.8285714285714
SCARLETT,2013.8285714285714
SHLOIME,2013.8181818181818
MILO,2013.8148148148148
LIANNA,2013.8
ABDUL,2013.8
AMIRA,2013.7916666666667
SKYLAR,2013.791304347826
ALISA,2013.7777777777778
SHAINA,2013.7777777777778
MALIA,2013.774193548387
LORENZO,2013.7674418604652
PINCHUS,2013.764705882353
ROSE,2013.7611940298507
ALESSIA,2013.75
SKYLAH,2013.75
EGYPT,2013.75
ELLE,2013.7391304347825
REAGAN,2013.7380952380952
KAYDEN,2013.7326732673268
GENEVIEVE,2013.7209302325582
CARSON,2013.72
ALAYNA,2013.7142857142858
CAIDEN,2013.7083333333333
CHARLIE,2013.7021276595744
MATEO,2013.6976744186047
ELIZA,2013.6976744186047
PABLO,2013.6923076923076
CRISTINA,2013.6666666666667
JAEL,2013.6666666666667
BATYA,2013.6666666666667
KASSIDY,2013.6666666666667
YISRAEL,2013.6666666666667
SHIFRA,2013.6666666666667
LANA,2013.6666666666667
WALTER,2013.6666666666667
ADYAN,2013.6666666666667
FREDERICK,2013.6666666666667
ANAIS,2013.6666666666667
MELODY,2013.66
BRIELLE,2013.6588235294118
LYDIA,2013.655737704918
CHARLOTTE,2013.6518218623482
NICO,2013.6451612903227
MAXIMUS,2013.640625
ESTY,2013.6363636363637
ANAYA,2013.6285714285714
ROMEO,2013.625
EMERSON,2013.608695652174
THEODORE,2013.601851851852
NEYMAR,2013.6
HASSAN,2013.6
JUSTICE,2013.6
LEO,2013.5934959349593
JASPER,2013.5882352941176
HANA,2013.5833333333333
ALICE,2013.5802469135801
RYDER,2013.58
AHUVA,2013.578947368421
STELLA,2013.578947368421
ARJUN,2013.5714285714287
SHAYA,2013.5652173913043
CLARA,2013.5616438356165
RYLEE,2013.5531914893618
JULIETTE,2013.5492957746478
EVELYN,2013.536842105263
FRADEL,2013.5333333333333
KAIDEN,2013.5263157894738
MUHAMMAD,2013.5238095238096
ARYEH,2013.5217391304348
MATTEO,2013.52
DOV,2013.5185185185185
LENA,2013.5116279069769
LEILANI,2013.5094339622642
BROOKLYN,2013.5087719298247
FERNANDA,2013.5
DENIS,2013.5
FINN,2013.5
DAMON,2013.5
NYLAH,2013.5
LUCIEN,2013.5
CAYLA,2013.5
MARINA,2013.5
FARAH,2013.5
AMADOU,2013.5
YACHET,2013.5
KEYLA,2013.5
ALONDRA,2013.5
VINCENZO,2013.48
ASHTON,2013.4736842105262
HUGO,2013.4705882352941
SHLOME,2013.4705882352941
CONOR,2013.46875
SURY,2013.4642857142858
LEANNA,2013.4545454545455
ZAIN,2013.4545454545455
BENZION,2013.4545454545455
DECLAN,2013.4528301886792
KAI,2013.4520547945206
SANTINO,2013.45
ADA,2013.4444444444443
ZOEY,2013.441379310345
AISHA,2013.4333333333334
BRYNN,2013.4285714285713
CARINA,2013.4285714285713
LAZER,2013.421052631579
HADASSAH,2013.4117647058824
JAYLAH,2013.4
MENDY,2013.391304347826
AVERY,2013.3857142857144
PEREL,2013.3846153846155
MCKENZIE,2013.3777777777777
CHESKEL,2013.375
ANASTASIA,2013.36
VIOLET,2013.3583333333333
GEORGIA,2013.3548387096773
AUBREY,2013.3445945945946
MYLES,2013.342105263158
LIANA,2013.340909090909
NOLAN,2013.3364485981308
LEELA,2013.3333333333333
MUSTAFA,2013.3333333333333
HAYLEE,2013.3333333333333
CAMILLE,2013.3333333333333
GOLDA,2013.3333333333333
LUCIANO,2013.3333333333333
DARIEL,2013.3333333333333
HENCHY,2013.3333333333333
FRANCO,2013.3333333333333
GRADY,2013.3333333333333
ARIELLE,2013.3333333333333
HERMAN,2013.3333333333333
ROIZA,2013.3333333333333
MICAH,2013.3243243243244
NOEL,2013.3225806451612
PARKER,2013.3214285714287
ABDULLAH,2013.32
BRADLEY,2013.3181818181818
HARRISON,2013.3111111111111
FRAIDY,2013.304347826087
MILES,2013.3020833333333
LILIANA,2013.2924528301887
MIRACLE,2013.2857142857142
GIA,2013.2833333333333
BLIMY,2013.28
HAMZA,2013.2777777777778
PRINCE,2013.2777777777778
RYLEIGH,2013.2777777777778
ELLIE,2013.2758620689656
MINDY,2013.2727272727273
AMELIA,2013.2679245283018
SIENA,2013.2666666666667
LIBA,2013.2666666666667
CARMINE,2013.2666666666667
IBRAHIM,2013.2542372881355
MIAH,2013.25
JAMIR,2013.25
LEORA,2013.25
ESTER,2013.25
EMILIE,2013.25
EVANGELINE,2013.2413793103449
NOA,2013.2413793103449
PEARL,2013.235294117647
NAFTULI,2013.235294117647
SHIA,2013.2333333333333
ZION,2013.2280701754387
KALEB,2013.2244897959183
RUTH,2013.2222222222222
LUCA,2013.2153846153847
NACHMAN,2013.2142857142858
ELIANA,2013.2100840336134
ALESSANDRA,2013.2045454545455
EILEEN,2013.2
LEANDRO,2013.2
ALIZA,2013.2
ROY,2013.2
JANNAT,2013.2
TEAGAN,2013.1951219512196
NAFTALI,2013.1904761904761
LAWRENCE,2013.1818181818182
BARUCH,2013.1764705882354
ELENA,2013.1752577319587
JULIET,2013.1733333333334
YOSEF,2013.1666666666667
MIRI,2013.1666666666667
ALLIE,2013.1666666666667
LEONARDO,2013.1649484536083
LYLA,2013.1612903225807
MOISHE,2013.157894736842
AUTUMN,2013.1568627450981
MAEVE,2013.1568627450981
HENRY,2013.1549295774648
AHMED,2013.1538461538462
EVE,2013.15
ELIYAHU,2013.15
AMIYAH,2013.15
LUKAS,2013.1492537313434
OMARI,2013.142857142857
YOUSEF,2013.142857142857
YARETZI,2013.142857142857
SANTIAGO,2013.135593220339
VALENTINA,2013.126213592233
DELILAH,2013.122807017544
WYATT,2013.110576923077
BEATRICE,2013.1052631578948
LIBBY,2013.1052631578948
LILLIANA,2013.0967741935483
ANNABELLE,2013.076923076923
ALISHA,2013.076923076923
SCARLET,2013.076923076923
AHARON,2013.0714285714287
DEAN,2013.0704225352113
HERSHY,2013.0689655172414
EDEN,2013.0681818181818
CHANCE,2013.0666666666666
ZEV,2013.0645161290322
JUDAH,2013.057142857143
YOCHEVED,2013.0526315789473
MOHAMMED,2013.0487804878048
ALI,2013.047619047619
SKYLER,2013.0454545454545
HENNY,2013.0454545454545
MAYER,2013.0357142857142
MAXIMILIAN,2013.0344827586207
LUCIA,2013.0289855072465
ELIAS,2013.0265486725664
LUCY,2013.0091743119267
NECHUMA,2013.0
NAYELI,2013.0
ALTER,2013.0
ALANNA,2013.0
SHERRY,2013.0
CHARLEY,2013.0
PHOENIX,2013.0
EPHRAIM,2013.0
LENNY,2013.0
DEVORAH,2013.0
EFRAIM,2013.0
AMIYA,2013.0
YECHESKEL,2013.0
LILIANNA,2013.0
INES,2013.0
GITTEL,2013.0
CELIA,2013.0
MALAK,2013.0
RENEE,2013.0
ARI,2013.0
JANESSA,2013.0
BRANDEN,2013.0
DARWIN,2013.0
CARMEN,2013.0
CRISTOFER,2013.0
CAMREN,2013.0
NEHEMIAH,2013.0
ISREAL,2013.0
MIKAEL,2013.0
SHOLOM,2013.0
LOVE,2013.0
SAMIYAH,2013.0
MALIYAH,2013.0
ZALMEN,2013.0
CRISTIANO,2013.0
CARTER,2013.0
MARLEY,2013.0
FAIGA,2013.0
AHMAD,2013.0
JUDITH,2013.0
ALSTON,2013.0
LACEY,2013.0
JIANNA,2013.0
CHARLEIGH,2013.0
LILIAN,2013.0
BINYOMIN,2013.0
TYRONE,2013.0
SKY,2013.0
ABRAHAM,2012.989247311828
ALINA,2012.9846153846154
VIVIAN,2012.9782608695652
JUDE,2012.9772727272727
BELLA,2012.975806451613
LAYLA,2012.964705882353
RAPHAEL,2012.9642857142858
HANNA,2012.9615384615386
ELISE,2012.9591836734694
JOSEPHINE,2012.952380952381
MOSHE,2012.948275862069
YITTY,2012.9375
CHANY,2012.9354838709678
LIAM,2012.9278606965174
LIPA,2012.923076923077
ARYAN,2012.923076923077
JACKSON,2012.9208860759493
CAMILA,2012.920792079208
ZISSY,2012.92
KHLOE,2012.9135802469136
SHULEM,2012.909090909091
FRANCIS,2012.909090909091
ALESSANDRO,2012.909090909091
GRANT,2012.906976744186
JOHAN,2012.906976744186
YITZCHOK,2012.9032258064517
MEIR,2012.896551724138
SHLOMO,2012.896551724138
MOHAMMAD,2012.8947368421052
BATSHEVA,2012.888888888889
AVRAHAM,2012.8857142857144
BEN,2012.8823529411766
TANNER,2012.8823529411766
RUBY,2012.8817204301076
RIVKY,2012.878787878788
GOLDY,2012.875
ABBY,2012.875
HINDY,2012.875
LONDON,2012.8720930232557
AMAYA,2012.8714285714286
ANNABELLA,2012.8695652173913
SEBASTIAN,2012.858024691358
YIDES,2012.857142857143
FABIAN,2012.857142857143
ELVIS,2012.857142857143
SHMIEL,2012.857142857143
ROCCO,2012.8484848484848
USHER,2012.8461538461538
TESSA,2012.8431372549019
ELI,2012.8423913043478
HERSH,2012.842105263158
GEORGE,2012.837837837838
DESMOND,2012.8333333333333
RIVKA,2012.8333333333333
NYLA,2012.8297872340424
YIDA,2012.8181818181818
TALIA,2012.8135593220338
ISMAEL,2012.8125
MOHAMED,2012.8032786885246
LYRIC,2012.8
YASEEN,2012.8
ADINA,2012.8
SYLVIA,2012.8
ISRAEL,2012.8
ADRIAN,2012.7971014492753
FELIX,2012.7954545454545
NAOMI,2012.788990825688
ESTHER,2012.7866666666666
SHERLYN,2012.7777777777778
SELENA,2012.7777777777778
JAZLYN,2012.7777777777778
JONAH,2012.77
GIANLUCA,2012.7692307692307
YAKOV,2012.7666666666667
CHAVY,2012.764705882353
MARGARET,2012.763888888889
MADELYN,2012.7631578947369
ARMANI,2012.75
DENZEL,2012.75
YAAKOV,2012.75
ISAAC,2012.7486631016043
JOSIAH,2012.7397260273972
SOLOMON,2012.7391304347825
FIONA,2012.7373737373737
JAY,2012.7368421052631
TOBY,2012.7333333333333
SADIE,2012.7281553398059
NECHAMA,2012.7272727272727
SIMON,2012.7166666666667
ROIZY,2012.7142857142858
BLIMA,2012.7096774193549
SALVATORE,2012.709090909091
AMARI,2012.7073170731708
YAEL,2012.7058823529412
ELIMELECH,2012.7058823529412
ANNIE,2012.7037037037037
YEHOSHUA,2012.7
MCKENNA,2012.695652173913
CAYDEN,2012.6909090909091
CHAIM,2012.6888888888889
AILEEN,2012.6875
GIOVANNI,2012.6797385620914
SARAI,2012.6764705882354
HUNTER,2012.671052631579
JULIAN,2012.6666666666667
LISA,2012.6666666666667
AYAAN,2012.6666666666667
TESS,2012.6666666666667
LANDEN,2012.6666666666667
ABDOULAYE,2012.6666666666667
MORRIS,2012.6666666666667
JALIYAH,2012.6666666666667
YEHUDIS,2012.6666666666667
YISROEL,2012.6666666666667
MADELYNN,2012.6666666666667
LIA,2012.6582278481012
RAIZY,2012.6571428571428
MELANY,2012.655172413793
MAXWELL,2012.6538461538462
YOEL,2012.6521739130435
BRACHA,2012.6521739130435
LOUIS,2012.6493506493507
MORDECHAI,2012.6486486486488
MASON,2012.6474820143885
DAMIAN,2012.642857142857
MIRIAM,2012.639344262295
DOMINIC,2012.637254901961
JULIE,2012.6363636363637
MALKA,2012.6285714285714
ALISSON,2012.625
ETTY,2012.625
IRIS,2012.625
MAURICE,2012.625
BRYCE,2012.6206896551723
JADIEL,2012.6176470588234
SIMCHA,2012.611111111111
CLAIRE,2012.6013986013986
TZVI,2012.6
MALKY,2012.6
YADIEL,2012.6
AMIR,2012.5979381443299
EVA,2012.5968992248063
SUMMER,2012.5967741935483
LUCAS,2012.5949008498583
BRITTANY,2012.590909090909
SERENITY,2012.5876288659795
FATIMA,2012.5862068965516
ALAN,2012.5844155844156
NIA,2012.5833333333333
CHANA,2012.5813953488373
CHAVA,2012.576923076923
HERSHEL,2012.576923076923
CHAYA,2012.575
SHAINDY,2012.5714285714287
KYLEE,2012.5714285714287
JULIUS,2012.5652173913043
SIMA,2012.5652173913043
LANDON,2012.5617021276596
TENZIN,2012.56
DOVID,2012.56
MIA,2012.5563636363636
BRAYDEN,2012.5560344827586
DANNA,2012.5555555555557
EITAN,2012.5555555555557
EDWARD,2012.5537190082644
GIANNI,2012.551724137931
DEVORA,2012.55
TIANA,2012.5454545454545
MIREL,2012.5454545454545
ARON,2012.5405405405406
IVAN,2012.5394736842106
SIENNA,2012.5384615384614
AALIYAH,2012.5379310344827
OWEN,2012.537216828479
SAVANNAH,2012.536312849162
SOFIA,2012.531914893617
CAROLINE,2012.5283018867924
BENJAMIN,2012.5164179104477
YEHUDA,2012.5121951219512
GITTY,2012.5
ROCHEL,2012.5
MARIAM,2012.5
FRANCESCO,2012.5
ZAHARA,2012.5
TRANY,2012.5
SALMA,2012.5
ELAINA,2012.5
LILAH,2012.5
JOY,2012.5
HADASSA,2012.5
ANNIKA,2012.5
BRUCE,2012.5
CHIARA,2012.5
FAIGY,2012.5
LAURYN,2012.5
MENACHEM,2012.5
YECHIEL,2012.5
SHIMON,2012.5
BAILA,2012.5
ADEN,2012.5
FARRAH,2012.5
GAVRIEL,2012.5
KINLEY,2012.5
AVROHOM,2012.5
LEA,2012.5
AUDREY,2012.495867768595
KELSEY,2012.4848484848485
MACKENZIE,2012.4825174825176
SHMUEL,2012.4814814814815
ELIEZER,2012.4814814814815
FRANCESCA,2012.48
RAIZEL,2012.4642857142858
ELIJAH,2012.4615384615386
CHARLES,2012.456043956044
VALERIE,2012.4556962025317
JADE,2012.4554455445545
ERICK,2012.4545454545455
ZOE,2012.4507042253522
SHIRLEY,2012.45
LEILA,2012.445945945946
HAWA,2012.4444444444443
JEREMIAH,2012.44375
LILLIAN,2012.4427860696517
LUKE,2012.4409090909091
SHOSHANA,2012.4375
AARON,2012.4352941176471
VICTORIA,2012.429347826087
PINCHAS,2012.4285714285713
PRESTON,2012.4179104477612
MOSES,2012.4166666666667
ALIYAH,2012.4166666666667
ALLEN,2012.4117647058824
MADELEINE,2012.404255319149
RAQUEL,2012.4
VALERY,2012.4
ELLA,2012.3993174061434
EMMANUEL,2012.3979591836735
GENESIS,2012.3978494623657
FAITH,2012.3877551020407
BAILEY,2012.3823529411766
BLAKE,2012.3788819875776
MARTIN,2012.3725490196077
VINCENT,2012.3722222222223
ANGELO,2012.3714285714286
SAMUEL,2012.3674242424242
DINA,2012.3666666666666
PESSY,2012.3636363636363
MENDEL,2012.3636363636363
GABRIEL,2012.363309352518
EMMA,2012.3632478632478
ALEXIA,2012.36
JOEL,2012.35
ALAINA,2012.3478260869565
GIAVANNA,2012.3461538461538
CHASE,2012.345132743363
ANA,2012.344827586207
MAKENNA,2012.3333333333333
ANGELINE,2012.3333333333333
ANABELLA,2012.3333333333333
YECHEZKEL,2012.3333333333333
ANIKA,2012.3333333333333
ARYANNA,2012.3333333333333
JOAQUIN,2012.3333333333333
KINGSLEY,2012.3333333333333
FANTA,2012.3333333333333
MADISYN,2012.3333333333333
NATHANIEL,2012.3312101910828
KYLIE,2012.328125
OSCAR,2012.3253012048192
RILEY,2012.3236363636363
JACK,2012.3210702341137
MARIANA,2012.32
COLE,2012.3197278911564
REESE,2012.3191489361702
ISABEL,2012.3152173913043
SIMONE,2012.3125
TRISTAN,2012.3111111111111
ISABELLE,2012.3103448275863
MAX,2012.3083333333334
JAYLEEN,2012.3076923076924
TROY,2012.3076923076924
SOPHIA,2012.3030303030303
RAFAEL,2012.3
AMY,2012.2954545454545
ANDERSON,2012.295081967213
DIEGO,2012.287356321839
MELINA,2012.2857142857142
MAYA,2012.277027027027
OLIVIA,2012.2733485193621
ALEJANDRO,2012.2716049382716
DIANA,2012.2702702702702
JOHN,2012.2694805194806
NICOLAS,2012.268817204301
WILLIAM,2012.2680722891566
ARIEL,2012.267857142857
ARIANA,2012.2666666666667
KENDALL,2012.2666666666667
NINA,2012.2650602409637
GIULIANA,2012.2641509433963
NOAH,2012.2556390977443
DANIELA,2012.25
ALYSON,2012.25
ALBERTO,2012.25
DERRICK,2012.25
KAYLEEN,2012.25
CATHERINE,2012.2470588235294
AVA,2012.2467532467533
JULIANNA,2012.245283018868
MELANIE,2012.2444444444445
LOLA,2012.2444444444445
KIMBERLY,2012.2441860465117
ANNA,2012.2393617021276
LAILA,2012.2376237623762
LILYANA,2012.2307692307693
MARCO,2012.2307692307693
JAMES,2012.2225519287833
DEBORAH,2012.2222222222222
PEYTON,2012.2191011235955
VICTOR,2012.2164948453608
CARLOS,2012.2164948453608
MIKAELA,2012.2142857142858
SKYE,2012.2142857142858
SOPHIE,2012.2051282051282
MICHELLE,2012.202380952381
SARA,2012.201754385965
URIEL,2012.2
SANIYAH,2012.2
ALVIN,2012.2
CHELSEA,2012.1973684210527
ANTHONY,2012.191823899371
GABRIELLA,2012.190082644628
JOSUE,2012.1896551724137
GIANNA,2012.1842105263158
VALERIA,2012.1833333333334
JULIANA,2012.1833333333334
ANGELA,2012.1805555555557
LILY,2012.1774891774892
CAMERON,2012.1726907630523
LILA,2012.1688311688313
REBECCA,2012.1685393258426
DOUGLAS,2012.1666666666667
REED,2012.1666666666667
AMINATA,2012.1666666666667
SURI,2012.1666666666667
EMELY,2012.1617647058824
MARIA,2012.1596638655462
JEREMY,2012.1538461538462
SPENCER,2012.1538461538462
HEAVEN,2012.1470588235295
MALACHI,2012.144927536232
FRANK,2012.1447368421052
LARA,2012.142857142857
GARY,2012.142857142857
DARREN,2012.142857142857
DAVID,2012.1400778210116
LOGAN,2012.1385681293302
SKYLA,2012.1304347826087
MICHAEL,2012.1287671232876
GRACE,2012.126923076923
ADAM,2012.1264367816093
ARIANNA,2012.123595505618
THOMAS,2012.1235059760957
CHLOE,2012.11877394636
DANIEL,2012.1160409556314
JONATHAN,2012.111650485437
KAYLIN,2012.111111111111
ISAIAH,2012.110465116279
COOPER,2012.1100917431193
ALEXANDER,2012.1043956043957
BRYAN,2012.1020408163265
MADELINE,2012.099290780142
JESUS,2012.0983606557377
NATALIE,2012.0968992248063
CASSANDRA,2012.095238095238
KIERAN,2012.0882352941176
JOSE,2012.0869565217392
ANTONIO,2012.0859375
PHOEBE,2012.0857142857142
LEAH,2012.085
MAXIM,2012.076923076923
JOSEPH,2012.0747126436781
ROBERT,2012.0729613733906
ABIGAIL,2012.0703363914374
ALLISON,2012.065693430657
IRENE,2012.0625
BIANCA,2012.0588235294117
MARK,2012.0555555555557
HELEN,2012.0555555555557
ALEXANDRIA,2012.0526315789473
PAUL,2012.0485436893205
LUIS,2012.0483870967741
JOANNA,2012.0444444444445
SASHA,2012.0444444444445
AYDEN,2012.0413793103448
XAVIER,2012.0375
ALANA,2012.034090909091
CASSIDY,2012.03125
ALBERT,2012.0294117647059
NASIR,2012.027027027027
KADEN,2012.0243902439024
KATHERINE,2012.0217391304348
ANGEL,2012.0193548387097
EMILY,2012.0157232704403
ISABELLA,2012.01
ADDISON,2012.004854368932
RUSSELL,2012.0
KALIYAH,2012.0
ROSA,2012.0
ANGUS,2012.0
HAYLEY,2012.0
NEIL,2012.0
RIFKY,2012.0
NATALY,2012.0
CAYLEE,2012.0
TUCKER,2012.0
MICAELA,2012.0
STACY,2012.0
ENOS,2012.0
JENCARLOS,2012.0
CHARLIZE,2012.0
MAKAI,2012.0
YITTA,2012.0
JIMENA,2012.0
LEENA,2012.0
MCKAYLA,2012.0
FATOUMATA,2012.0
SARIAH,2012.0
JAMISON,2012.0
ALIANA,2012.0
MAIYA,2012.0
IAN,2012.0
ISIS,2012.0
BETHANY,2012.0
EVER,2012.0
MADDISON,2012.0
KYLEIGH,2012.0
JANA,2012.0
JAMEL,2012.0
NAHLA,2012.0
MAMADOU,2012.0
ALFRED,2012.0
BRYCEN,2012.0
EDISON,2012.0
CHRISTOPHER,2011.9963768115942
RACHEL,2011.982142857143
JEFFERSON,2011.9722222222222
CRISTIAN,2011.9718309859154
DONOVAN,2011.969696969697
DELANEY,2011.967741935484
ELIZABETH,2011.9664179104477
ALEXA,2011.9647887323943
MELISSA,2011.953125
HARRY,2011.95
ADRIANA,2011.948717948718
CONNOR,2011.9475524475524
SYDNEY,2011.9464285714287
KEVIN,2011.9444444444443
AUSTIN,2011.9383886255923
NATALIA,2011.9354838709678
ZAIRE,2011.9285714285713
ALEX,2011.9253731343283
JULIA,2011.9226519337017
ANDREW,2011.919191919192
KHALIL,2011.9166666666667
KAREEM,2011.9166666666667
JUAN,2011.9166666666667
KIARA,2011.915254237288
PETER,2011.9137931034484
ANDREA,2011.907894736842
STEVEN,2011.905982905983
ALEXANDRA,2011.9013157894738
OMAR,2011.9
SAVANNA,2011.9
ALLAN,2011.9
PRISCILLA,2011.9
JASON,2011.899470899471
KENNETH,2011.894117647059
AMBER,2011.892857142857
BENSON,2011.888888888889
ELISHEVA,2011.888888888889
DYLAN,2011.8859060402685
SERENA,2011.8857142857144
CHRISTIAN,2011.8844444444444
DOMINICK,2011.8837209302326
PATRICK,2011.8827586206896
MIGUEL,2011.879518072289
HANNAH,2011.8728813559321
NICOLE,2011.8727272727272
DEREK,2011.8703703703704
MARY,2011.8658536585365
RYAN,2011.865329512894
MARCUS,2011.862745098039
RUBEN,2011.857142857143
ANDRE,2011.8461538461538
CALEB,2011.84
NATHAN,2011.8367346938776
NATHALIE,2011.8333333333333
NICHOLAS,2011.8327759197325
STEPHEN,2011.828125
MATTHEW,2011.8275862068965
CADEN,2011.826923076923
JORDAN,2011.8243243243244
SETH,2011.8235294117646
MICHAELA,2011.8214285714287
ERIC,2011.821138211382
ETHAN,2011.8161559888579
ALISON,2011.8148148148148
DANIELLA,2011.8115942028985
JOHNNY,2011.8076923076924
JAVIER,2011.8070175438597
ANDRES,2011.8048780487804
GIOVANNA,2011.8
AMROM,2011.8
JORDYN,2011.796875
EDWIN,2011.7916666666667
MOLLY,2011.77868852459
COLIN,2011.7744360902257
JASMINE,2011.77
SAMANTHA,2011.7696335078533
ANSON,2011.7692307692307
BRODY,2011.7666666666667
KRYSTAL,2011.75
SYEDA,2011.75
ZISSEL,2011.75
JOHANNA,2011.75
HOPE,2011.75
LILLY,2011.75
ANGELINA,2011.7448275862068
JAKE,2011.7443609022557
TRAVIS,2011.7441860465117
GABRIELA,2011.7368421052631
PAIGE,2011.7363636363636
IZABELLA,2011.7272727272727
AIDEN,2011.7230769230769
RICHARD,2011.72
JACOB,2011.7190476190476
TIMOTHY,2011.719008264463
JOSHUA,2011.7184115523467
NICOLETTE,2011.7142857142858
ISSAC,2011.7142857142858
JAYDEN,2011.71119133574
HAILEY,2011.7067307692307
VERONICA,2011.7045454545455
ANDY,2011.7042253521126
JANE,2011.7037037037037
ANGELIQUE,2011.7
BRANDON,2011.6971428571428
MATHEW,2011.6923076923076
ZACHARY,2011.6896551724137
SABRINA,2011.6835443037974
JEFFREY,2011.68
KAYLA,2011.6783216783217
KATE,2011.677966101695
KRISTIAN,2011.6666666666667
FRANCISCO,2011.6666666666667
DASHIELL,2011.6666666666667
BYRON,2011.6666666666667
ALEJANDRA,2011.6666666666667
MARIAMA,2011.6666666666667
ROGER,2011.6666666666667
MENASHE,2011.6666666666667
MOUSSA,2011.6666666666667
ALPHA,2011.6666666666667
AAYAN,2011.6666666666667
JULIEN,2011.6666666666667
KRISTEN,2011.6666666666667
SARAH,2011.6630434782608
RAYMOND,2011.6615384615384
MADISON,2011.6580459770114
MORGAN,2011.657894736842
MIRANDA,2011.65
GAVIN,2011.645283018868
JUSTIN,2011.6432432432432
TAYLOR,2011.6415094339623
ASHLEY,2011.6384615384616
KAYLEE,2011.63698630137
JUNIOR,2011.6363636363637
EVAN,2011.6324110671937
CHRISTINA,2011.6153846153845
SERGIO,2011.6153846153845
AMANDA,2011.6097560975609
CASEY,2011.6060606060605
JENNIFER,2011.6025641025642
HELENA,2011.6
ROHAN,2011.6
ANNE,2011.6
GISELLE,2011.593220338983
JESSE,2011.5925925925926
SAM,2011.5925925925926
STEPHANIE,2011.592105263158
MIKAYLA,2011.5846153846153
BREINDY,2011.5833333333333
JASIAH,2011.5833333333333
BRIAN,2011.5801526717557
PAYTON,2011.5744680851064
MALIK,2011.551724137931
JOCELYN,2011.547619047619
PHILIP,2011.547619047619
BRIDGET,2011.5384615384614
SHANE,2011.530864197531
KYLE,2011.5277777777778
JAYLA,2011.5128205128206
TERRY,2011.5
LILYANNA,2011.5
ISAIAS,2011.5
ARMANDO,2011.5
BROCHA,2011.5
TINA,2011.5
PHILLIP,2011.5
WHITNEY,2011.5
MARIAH,2011.4923076923078
BRIANNA,2011.487012987013
MYA,2011.4803921568628
NEVAEH,2011.479674796748
BROOKE,2011.4794520547946
ANNABEL,2011.4545454545455
GRIFFIN,2011.4545454545455
DAYANA,2011.4545454545455
HAYDEN,2011.4494382022472
SAUL,2011.4444444444443
MANUEL,2011.4333333333334
SINCERE,2011.4285714285713
CLARE,2011.4285714285713
SHILOH,2011.4285714285713
JOLIE,2011.421052631579
NATASHA,2011.4166666666667
JADEN,2011.4150943396226
JOYCE,2011.4
ALICIA,2011.3902439024391
MEKHI,2011.3846153846155
ANGIE,2011.3809523809523
JARED,2011.377049180328
KEEGAN,2011.375
KYLA,2011.375
BRENDAN,2011.3692307692309
JERRY,2011.3636363636363
JAIDEN,2011.3623188405797
MAKAYLA,2011.3564356435643
RICARDO,2011.3529411764705
KAYLEIGH,2011.35
DANNY,2011.341463414634
JAYSON,2011.3333333333333
CYNTHIA,2011.3333333333333
ALEC,2011.3333333333333
GINO,2011.3333333333333
DAISY,2011.3235294117646
JACQUELINE,2011.3207547169811
TYLER,2011.31320754717
BRYANNA,2011.3076923076924
VANESSA,2011.3076923076924
KARINA,2011.2903225806451
TZIREL,2011.2857142857142
DONALD,2011.2857142857142
CHRIS,2011.2790697674418
LESLIE,2011.2758620689656
MARC,2011.2758620689656
STANLEY,2011.2727272727273
CODY,2011.2727272727273
EMANUEL,2011.2708333333333
MARCELLO,2011.25
RIFKA,2011.25
NICKOLAS,2011.25
KAILEY,2011.25
TIFFANY,2011.2448979591836
DREW,2011.235294117647
BRUCHA,2011.2307692307693
MAKENZIE,2011.2307692307693
SONIA,2011.2222222222222
HEIDI,2011.2222222222222
LAURA,2011.2162162162163
DENNIS,2011.2142857142858
LAUREN,2011.2076923076922
GAGE,2011.2
ELIANNA,2011.2
DANICA,2011.2
BRENNAN,2011.1875
GABRIELLE,2011.178947368421
ADRIANNA,2011.1739130434783
GLORIA,2011.1666666666667
CRYSTAL,2011.15625
ELAINE,2011.1538461538462
GIADA,2011.1538461538462
TREVOR,2011.1489361702127
JUDY,2011.142857142857
PEDRO,2011.142857142857
BRADY,2011.126582278481
SEAN,2011.125
KATIE,2011.122807017544
KEIRA,2011.112676056338
KELLY,2011.111111111111
ALIVIA,2011.103448275862
LINDA,2011.1
LEXI,2011.1
MARIO,2011.1
ALLYSON,2011.076923076923
JORGE,2011.0444444444445
SHAWN,2011.0384615384614
ERIN,2011.037037037037
CESAR,2011.027027027027
JESSICA,2011.010989010989
JANAE,2011.0
BARBARA,2011.0
ABRAM,2011.0
REBEKAH,2011.0
SOLEIL,2011.0
MAHAMADOU,2011.0
RICKY,2011.0
KRISTOPHER,2011.0
HEIDY,2011.0
PAITYN,2011.0
AVIANNA,2011.0
ESTEBAN,2011.0
JAZMINE,2011.0
JULIANNE,2011.0
MARQUIS,2011.0
RODNEY,2011.0
NAILAH,2011.0
KENDRA,2011.0
AYANNA,2011.0
AUDRINA,2011.0
TZIPPY,2011.0
ALIYA,2011.0
ANGELY,2011.0
AVITAL,2011.0
KAMARI,2011.0
ELENI,2011.0
AIDAN,2011.0
LEONARD,2011.0
MITCHELL,2011.0
MAUREEN,2011.0
EDDIE,2011.0
JARIEL,2011.0
MENUCHA,2011.0
TERRENCE,2011.0
NIKOLAS,2011.0
ALISSA,2011.0
ARYANA,2011.0
ASHLY,2011.0
DERICK,2011.0
CLAUDIA,2011.0
JAMARI,2011.0
FRANKIE,2011.0
ZARIA,2011.0
ELLIANNA,2011.0
CHAD,2011.0
PERLA,2011.0
CURTIS,2011.0
NUSSEN,2011.0
PAMELA,2011.0
ENRIQUE,2011.0
LUZ,2011.0
ZOIE,2011.0
FILIP,2011.0
ALYSSA,2010.972972972973
KAREN,2010.9574468085107
DANTE,2010.9565217391305
MARCOS,2010.9473684210527
JANELLE,2010.9375
ANYA,2010.9285714285713
DESTINY,2010.9264705882354
ERIK,2010.9142857142858
MARVIN,2010.909090909091
BRIANA,2010.896551724138
IMANI,2010.88
JAMIE,2010.875
MONICA,2010.875
SHARON,2010.8666666666666
BRAYAN,2010.8636363636363
DANIELLE,2010.859649122807
JOHNATHAN,2010.851851851852
KAITLYN,2010.8484848484848
GREGORY,2010.8478260869565
KRISTINA,2010.8333333333333
DAMIEN,2010.8181818181818
JEAN,2010.8
JESSIE,2010.8
VICKY,2010.7857142857142
CARLY,2010.7857142857142
MEGAN,2010.7777777777778
ANGELICA,2010.7714285714285
MAGGIE,2010.7692307692307
FERNANDO,2010.764705882353
DEVIN,2010.7560975609756
CHANEL,2010.75
TAMAR,2010.75
HEATHER,2010.75
KAYLIE,2010.7272727272727
ALEXIS,2010.7260869565218
TRINITY,2010.7142857142858
DANA,2010.7142857142858
JAZMIN,2010.7083333333333
DARIUS,2010.6923076923076
KATELYN,2010.688524590164
GIANA,2010.6875
ANIYAH,2010.6829268292684
WILSON,2010.6818181818182
TAMARA,2010.6666666666667
WILMER,2010.6666666666667
LARRY,2010.6666666666667
MAURICIO,2010.6666666666667
CAROLINA,2010.6666666666667
NADIA,2010.657894736842
CINDY,2010.6538461538462
JIMMY,2010.65
FRANKLIN,2010.625
NELSON,2010.6190476190477
COLLIN,2010.6170212765958
SHIRA,2010.590909090909
GUADALUPE,2010.5882352941176
GIANCARLO,2010.5714285714287
HALEY,2010.56
LESLY,2010.5555555555557
HOLLY,2010.5555555555557
CADENCE,2010.5555555555557
MELVIN,2010.5454545454545
KATHLEEN,2010.5384615384614
LEIB,2010.5
HILLARY,2010.5
TALYA,2010.5
CARLA,2010.5
JAMAL,2010.5
CARL,2010.5
DARNELL,2010.5
MANDY,2010.5
SEBASTIEN,2010.5
RALPH,2010.5
ASHLYN,2010.5
RITA,2010.5
MIKE,2010.5
TZIVIA,2010.5
TARA,2010.5
JORDY,2010.5
LESLEY,2010.5
YAHIR,2010.5
JACKY,2010.5
QUENTIN,2010.5
KATELYNN,2010.5
JALEN,2010.5
ISABELA,2010.5
RONALD,2010.48
SELINA,2010.4666666666667
CHRISTINE,2010.4615384615386
JENNA,2010.4583333333333
JAYLEN,2010.45
BRITNEY,2010.4444444444443
KEITH,2010.4444444444443
SANAI,2010.4285714285713
LIZBETH,2010.4166666666667
WENDY,2010.4
SHRAGA,2010.4
WINNIE,2010.4
RANDY,2010.3947368421052
JULIO,2010.3846153846155
JANIYAH,2010.3636363636363
JAIDA,2010.3333333333333
YARIEL,2010.3333333333333
STACEY,2010.3333333333333
TY,2010.3333333333333
TONY,2010.3333333333333
NIKITA,2010.3333333333333
BRENNA,2010.3333333333333
JANICE,2010.3
KENNY,2010.3
ESMERALDA,2010.3
KIERA,2010.2941176470588
ANJALI,2010.25
LINDSAY,2010.25
ALLISSON,2010.25
KATERINA,2010.25
CAMRYN,2010.2272727272727
JENNY,2010.2222222222222
KARLA,2010.1764705882354
MEGHAN,2010.1666666666667
CAITLIN,2010.1612903225807
STEVE,2010.142857142857
HECTOR,2010.107142857143
ROBERTO,2010.1
JAYLIN,2010.0714285714287
TATIANA,2010.0645161290322
SIERRA,2010.0588235294117
EDGAR,2010.0434782608695
EDUARDO,2010.0277777777778
REILLY,2010.0
CHARNY,2010.0
JEFF,2010.0
JAHZARA,2010.0
HAROLD,2010.0
JAILYN,2010.0
ANTONY,2010.0
KELLEN,2010.0
MILTON,2010.0
SHANIYA,2010.0
JOHANN,2010.0
CORINNE,2010.0
KHAMANI,2010.0
JADA,2010.0
RAUL,2010.0
REX,2010.0
IBRAHIMA,2010.0
MARLON,2010.0
RASHAWN,2010.0
TABITHA,2010.0
NAZIR,2010.0
HONESTY,2010.0
DOMINIK,2010.0
KAMREN,2010.0
SHAYNA,2010.0
ZLATY,2010.0
ESTEFANI,2010.0
CULLEN,2010.0
CARISSA,2010.0
ADITYA,2010.0
THERESA,2010.0
NANCY,2010.0
KIERSTEN,2010.0
ERIKA,2009.9411764705883
JILLIAN,2009.939393939394
GARRETT,2009.9285714285713
CAITLYN,2009.909090909091
LINDSEY,2009.9
SCOTT,2009.857142857143
KATHRYN,2009.8181818181818
JULISSA,2009.8181818181818
KARA,2009.8125
COREY,2009.8
JAKUB,2009.8
PAOLA,2009.8
ERICA,2009.7826086956522
DEANNA,2009.7777777777778
KYMANI,2009.75
BRADEN,2009.75
BRYANT,2009.7272727272727
GRACIE,2009.7272727272727
JERMAINE,2009.7142857142858
KACPER,2009.6666666666667
CHACE,2009.6666666666667
YANDEL,2009.6666666666667
CAROL,2009.6666666666667
DEMETRIUS,2009.6666666666667
JAYDA,2009.6190476190477
DEVON,2009.6153846153845
MARILYN,2009.5833333333333
YASMIN,2009.5714285714287
ELVIN,2009.5
DIYA,2009.5
MARIANNA,2009.5
MARISA,2009.5
CONNIE,2009.5
SUSAN,2009.5
SHANIA,2009.5
BRENDA,2009.4666666666667
SANAA,2009.4545454545455
KIMORA,2009.4285714285713
SHANNON,2009.4117647058824
KASEY,2009.4
DILLON,2009.4
AMANI,2009.375
CIARA,2009.3478260869565
MARISSA,2009.3478260869565
ZACKARY,2009.3333333333333
JAYLENE,2009.3076923076924
ANIYA,2009.3076923076924
COURTNEY,2009.2857142857142
JAELYN,2009.2857142857142
KELVIN,2009.2608695652175
MASSIMO,2009.25
CARA,2009.2222222222222
SHAUN,2009.2
CONNER,2009.1666666666667
KAITLIN,2009.142857142857
JASMIN,2009.1304347826087
JOSELYN,2009.0625
MILEY,2009.0588235294117
ASHLEIGH,2009.0
ZELDY,2009.0
CAROLYN,2009.0
KYLER,2009.0
ASIA,2009.0
AZRIEL,2009.0
TRENTON,2009.0
TAMIA,2009.0
TYSHAWN,2009.0
RUDY,2009.0
LACHLAN,2009.0
RHEA,2009.0
TATUM,2009.0
KALEIGH,2009.0
JAVON,2009.0
CESIA,2009.0
ALFONSO,2009.0
KAILYN,2009.0
JAKOB,2009.0
KADENCE,2009.0
MARIELA,2009.0
ARIELA,2009.0
DAVION,2009.0
ANALIA,2009.0
DEVYN,2009.0
LAMAR,2009.0
JAELYNN,2009.0
AJANI,2009.0
JELANI,2009.0
CRISTOPHER,2009.0
MARA,2009.0
DUSTIN,2009.0
KRISH,2009.0
KYRA,2008.857142857143
JANIYA,2008.857142857143
BRAEDEN,2008.8
SANIYA,2008.8
JAIME,2008.8
KAELYN,2008.7142857142858
JASLENE,2008.7142857142858
FARHAN,2008.6666666666667
DENISE,2008.6666666666667
SHAYLA,2008.625
BREANNA,2008.5
WILLIE,2008.5
AMYA,2008.5
MALLORY,2008.5
BENNY,2008.5
MEREDITH,2008.5
JAZLENE,2008.5
GERSHON,2008.5
TRACY,2008.5
TRENT,2008.4285714285713
AADEN,2008.3333333333333
BRETT,2008.3333333333333
PATRICIA,2008.3333333333333
RIHANNA,2008.3
JACLYN,2008.25
SANDRA,2008.2
TARYN,2008.0
DIAMOND,2008.0
DAMANI,2008.0
TERESA,2008.0
JAHDIEL,2008.0
MEAGHAN,2008.0
LYRA,2008.0
JABARI,2008.0
GINA,2008.0
DINAH,2008.0
RODRIGO,2008.0
DAMARIS,2008.0
BRENDEN,2008.0
KIANA,2008.0
MARISOL,2008.0
ASHANTI,2008.0
BRAYLON,2008.0
TREY,2008.0
TERRELL,2008.0
TEHILA,2008.0
JAEDEN,2008.0
TERENCE,2008.0
COLLEEN,2008.0
CHEYENNE,2008.0
ISIAH,2007.75
CRAIG,2007.75
DULCE,2007.6
GUSTAVO,2007.5
MADALYN,2007.5
SHELBY,2007.5
JANIAH,2007.5
COLBY,2007.5
ASHLEE,2007.25
EVELIN,2007.0
BAILEE,2007.0
JEROME,2007.0
VANESA,2007.0
CALEIGH,2007.0
JORDIN,2007.0
GISSELLE,2007.0
ANITA,2007.0
DAYANARA,2007.0
ALEXANDRE,2007.0
JACQUELYN,2007.0
SHAMAR,2007.0
JADON,2007.0
JADYN,2007.0
JOSELIN,2007.0
KELIS,2007.0
SANTANA,2007.0
NIKKI,2007.0
JACKLYN,2007.0
SAMANTA,2007.0
ROSEMARY,2007.0
GILLIAN,2007.0
RACHAEL,2007.0
GERALD,2007.0
NICOLETTA,2007.0
LIZ,2007.0
KATRINA,2007.0
TYRESE,2007.0
CORY,2007.0
TERRANCE,2007.0
TIARA,2007.0
SEAMUS,2007.0
CAMILO,2007.0
SHANICE,2007.0
PRECIOUS,2007.0
JERAMIAH,2007.0
